{"acc": 0.9200165867805481, "f1": 0.9200000762939453, "loss": 0.0899316743016243, "flops": 2084393.0, "parameters": 41001}